{
  "model_adjusted": {
    "OR": 0.087,
    "CI": [
      0.078,
      0.096
    ],
    "p": 0.0
  },
  "cluster_robust_by_case": {
    "OR": 0.087,
    "CI": [
      0.071,
      0.106
    ],
    "p": 1.0547503076919554e-122
  },
  "gee_exchangeable_by_case": {
    "OR": 0.103,
    "CI": [
      0.085,
      0.125
    ],
    "p": 1.1520791469564533e-117
  }
}